ROiqa/Rady/Roqia@22/22/2134/23/male
Mahmoud/Ramadan/Mahmoud@22/22/12321/12/Male
Arwa/EL_kassem/Arwa@22/22/131234321/21/Male
Salma/Ahmed/Salma@23/23/2141341/324/Male
basmala/ezzat/basmala@gmail/82145/0142611452/55/female
toaa/emad/toaa@gmail/78/0145822225/22/female
tala/nour/tala@gmail/tt/01004585663/78/female
